id,name,email,password,address
31effb99-c8ab-46e6-8a15-c2ff2706b76c,Jessica Potter,jessica-potter-0@gmail.com,$2b$10$MZpdgo0u5p.vDOaEihbgnuggoKd3Bd1XlQZyddeRiQa2cMqn06yNO,"-81.086307__-115.162553__196 Patty Isle Apt. 405
Lake Jimmy, ND 71942"
4678609f-cfd3-410f-ada9-e5af7152fe03,Connie Nicholson,connie-nicholson-1@gmail.com,$2b$10$MZpdgo0u5p.vDOaEihbgnuggoKd3Bd1XlQZyddeRiQa2cMqn06yNO,"64.974580__-167.277429__75639 Krueger Inlet
Port Elizabethmouth, KS 57901"
0ae5b255-5c76-45bf-a151-1d6b0c11fac9,Mr. John Skinner MD,mr.-john-skinner-md-2@gmail.com,$2b$10$MZpdgo0u5p.vDOaEihbgnuggoKd3Bd1XlQZyddeRiQa2cMqn06yNO,"73.459869__-26.870962__9812 Michelle Park Suite 829
Smithhaven, ND 23730"
917f9a1d-fdf3-4300-b599-9fe2f1443611,Linda Kelley,linda-kelley-3@gmail.com,$2b$10$MZpdgo0u5p.vDOaEihbgnuggoKd3Bd1XlQZyddeRiQa2cMqn06yNO,"-59.869532__-92.941097__9129 Lori Extensions
Lake Sheilamouth, OR 97296"
3d3160f9-0c28-453e-817c-613afed53752,Janice Schwartz,janice-schwartz-4@gmail.com,$2b$10$MZpdgo0u5p.vDOaEihbgnuggoKd3Bd1XlQZyddeRiQa2cMqn06yNO,"65.7150205__-67.295349__019 Amy Route
Lake Mark, IL 82819"
485cff1d-f994-455e-92d2-9e604305051c,Alex Rodriguez,alex-rodriguez-5@gmail.com,$2b$10$MZpdgo0u5p.vDOaEihbgnuggoKd3Bd1XlQZyddeRiQa2cMqn06yNO,"-31.5552465__-36.223718__7960 Singleton Overpass Suite 825
Rodriguezchester, DC 96659"
7d3d28d5-9078-4e59-b7fc-64adeab69735,Danielle Snyder MD,danielle-snyder-md-6@gmail.com,$2b$10$MZpdgo0u5p.vDOaEihbgnuggoKd3Bd1XlQZyddeRiQa2cMqn06yNO,"66.2965735__-30.462266__6741 Gilbert Manor Apt. 046
Velasquezmouth, FM 93250"
4403b1ce-90e5-4817-abaa-09e9537af5f9,Thomas Zhang,thomas-zhang-7@gmail.com,$2b$10$MZpdgo0u5p.vDOaEihbgnuggoKd3Bd1XlQZyddeRiQa2cMqn06yNO,"-79.774034__-6.725202__53770 Wright Lock
Loweryville, IN 23650"
9dc233a4-767c-4470-99db-e28773dd183b,Jesse Todd,jesse-todd-8@gmail.com,$2b$10$MZpdgo0u5p.vDOaEihbgnuggoKd3Bd1XlQZyddeRiQa2cMqn06yNO,"17.3512585__-25.545042__786 Amanda Green Apt. 682
East Paulstad, NH 55410"
e30f493e-8e89-4719-9418-a4e9f4c7b650,Edward Massey,edward-massey-9@gmail.com,$2b$10$MZpdgo0u5p.vDOaEihbgnuggoKd3Bd1XlQZyddeRiQa2cMqn06yNO,"-82.345880__-127.919630__718 Johnson Plains
Nicolechester, AL 00669"
f61c4517-1391-48b0-9b86-39f9a8a05411,Travis Dyer,travis-dyer-10@gmail.com,$2b$10$MZpdgo0u5p.vDOaEihbgnuggoKd3Bd1XlQZyddeRiQa2cMqn06yNO,"77.7707925__-105.523559__640 Burns Point Suite 655
Lawrencestad, VT 64554"
90d555da-e79f-471c-987f-c006c27de6b4,Glen Lopez,glen-lopez-11@gmail.com,$2b$10$MZpdgo0u5p.vDOaEihbgnuggoKd3Bd1XlQZyddeRiQa2cMqn06yNO,"-61.169113__-175.708224__3731 Stephanie Alley Apt. 800
East Adam, WA 02419"
307fa90a-cc8b-4aec-8bcf-b1fb1c44e428,Meghan Porter,meghan-porter-12@gmail.com,$2b$10$MZpdgo0u5p.vDOaEihbgnuggoKd3Bd1XlQZyddeRiQa2cMqn06yNO,"-43.4046925__43.031988__4000 Choi Avenue Apt. 217
Timothyborough, AZ 55087"
7ece858e-50f0-4dd6-8a8b-127f5c3ad952,Megan Fitzgerald,megan-fitzgerald-13@gmail.com,$2b$10$MZpdgo0u5p.vDOaEihbgnuggoKd3Bd1XlQZyddeRiQa2cMqn06yNO,"47.2213985__55.874774__603 David Turnpike Apt. 461
Victoriaview, NM 84722"
f0c999db-f482-47bd-91bf-e59512b3c0a0,Mary Morgan,mary-morgan-14@gmail.com,$2b$10$MZpdgo0u5p.vDOaEihbgnuggoKd3Bd1XlQZyddeRiQa2cMqn06yNO,"-51.049500__-88.833957__Unit 9878 Box 8261
DPO AP 71448"
8a1df195-efa0-434e-beb6-31f8e84147a3,Jessica Johnson,jessica-johnson-15@gmail.com,$2b$10$MZpdgo0u5p.vDOaEihbgnuggoKd3Bd1XlQZyddeRiQa2cMqn06yNO,"57.1618475__-61.060243__3596 Gallagher Roads
Seanfurt, WA 98948"
3cd87f32-e817-4012-a0c3-18a439ca1b12,Ashley Erickson MD,ashley-erickson-md-16@gmail.com,$2b$10$MZpdgo0u5p.vDOaEihbgnuggoKd3Bd1XlQZyddeRiQa2cMqn06yNO,"-11.1516595__80.680242__Unit 6369 Box 2110
DPO AE 05359"
4b071be8-9ad6-4623-a271-79e6f31b3320,Patricia Gibson,patricia-gibson-17@gmail.com,$2b$10$MZpdgo0u5p.vDOaEihbgnuggoKd3Bd1XlQZyddeRiQa2cMqn06yNO,"-66.8601295__48.150543__Unit 9121 Box 5920
DPO AP 61389"
ee10a99e-3f07-4f98-a9a4-cbc1d4f82cbf,Colin Brown,colin-brown-18@gmail.com,$2b$10$MZpdgo0u5p.vDOaEihbgnuggoKd3Bd1XlQZyddeRiQa2cMqn06yNO,"-43.4857595__-36.680127__679 Melissa Square Apt. 081
West Rachel, NH 98485"
571a0f1d-66f1-4c72-a12a-50eec236d6f2,James Mcdaniel DDS,james-mcdaniel-dds-19@gmail.com,$2b$10$MZpdgo0u5p.vDOaEihbgnuggoKd3Bd1XlQZyddeRiQa2cMqn06yNO,"27.8392025__-149.331836__476 Deborah Lodge
Port Traviston, IL 51672"
d22ad12e-5083-4001-a2e6-077048986609,Jessica Gonzalez,jessica-gonzalez-20@gmail.com,$2b$10$MZpdgo0u5p.vDOaEihbgnuggoKd3Bd1XlQZyddeRiQa2cMqn06yNO,"-29.323856__142.946024__417 Collins Groves
North Michelle, WI 21625"
f21bf606-8699-4ea4-8602-b9a19e458a6f,Pamela Freeman,pamela-freeman-21@gmail.com,$2b$10$MZpdgo0u5p.vDOaEihbgnuggoKd3Bd1XlQZyddeRiQa2cMqn06yNO,"81.755155__92.187479__559 Davis Union Apt. 054
Kaitlynport, CT 89840"
6045342a-33f9-4752-9408-7a883ac3cad3,Kristen Franklin,kristen-franklin-22@gmail.com,$2b$10$MZpdgo0u5p.vDOaEihbgnuggoKd3Bd1XlQZyddeRiQa2cMqn06yNO,"-13.4067125__23.130502__548 Andrade Shore
South Charleschester, GA 94378"
6fdcc842-16e7-4a5b-8bad-1057294de113,Joseph Griffith,joseph-griffith-23@gmail.com,$2b$10$MZpdgo0u5p.vDOaEihbgnuggoKd3Bd1XlQZyddeRiQa2cMqn06yNO,"78.6264925__-118.293297__26131 Stephanie Lodge
Adamsside, AR 71152"
5c9e3e62-b793-4e9f-9246-691e7680fa4e,Crystal Durham,crystal-durham-24@gmail.com,$2b$10$MZpdgo0u5p.vDOaEihbgnuggoKd3Bd1XlQZyddeRiQa2cMqn06yNO,"27.4823285__130.187281__573 Duncan Brooks Apt. 560
Leefurt, WV 89045"
4275ef21-8991-4418-a942-26c13315f21b,Gregory Harrison,gregory-harrison-25@gmail.com,$2b$10$MZpdgo0u5p.vDOaEihbgnuggoKd3Bd1XlQZyddeRiQa2cMqn06yNO,"36.864574__85.897461__640 Kathryn River
East Yvettechester, SC 28377"
e5e7179e-4f75-4c31-af62-417ff1fe3fb8,Michelle Hogan,michelle-hogan-26@gmail.com,$2b$10$MZpdgo0u5p.vDOaEihbgnuggoKd3Bd1XlQZyddeRiQa2cMqn06yNO,"-1.3570425__-137.075583__USS Watson
FPO AP 86726"
0034b6b9-a671-41cb-9bdf-f8b66cd8d81f,Thomas Brown,thomas-brown-27@gmail.com,$2b$10$MZpdgo0u5p.vDOaEihbgnuggoKd3Bd1XlQZyddeRiQa2cMqn06yNO,"-34.4821725__-71.767579__478 Candice Passage
Bennettbury, WI 81007"
f0194213-2db7-4379-8597-02a157a0c3b5,Claudia Perry,claudia-perry-28@gmail.com,$2b$10$MZpdgo0u5p.vDOaEihbgnuggoKd3Bd1XlQZyddeRiQa2cMqn06yNO,"64.0844035__155.356211__25370 Madison Loop Suite 245
New Megan, MH 78581"
dbaf53f7-8803-41f3-ab80-5215bc8f24cb,Kelly Phillips,kelly-phillips-29@gmail.com,$2b$10$MZpdgo0u5p.vDOaEihbgnuggoKd3Bd1XlQZyddeRiQa2cMqn06yNO,"18.9457545__142.123198__699 Rebecca Locks
Cindyshire, SC 92961"
d5c9ed94-c362-4324-8771-576a3df9c003,Sharon Lozano,sharon-lozano-30@gmail.com,$2b$10$MZpdgo0u5p.vDOaEihbgnuggoKd3Bd1XlQZyddeRiQa2cMqn06yNO,"-66.670328__-52.478295__969 Luke Ville
Gallagherbury, CO 32950"
d3cce68d-ba99-4ee3-a04c-be1d0a5cb171,Veronica Strickland,veronica-strickland-31@gmail.com,$2b$10$MZpdgo0u5p.vDOaEihbgnuggoKd3Bd1XlQZyddeRiQa2cMqn06yNO,"-88.6698695__150.291849__Unit 9936 Box 4531
DPO AA 42294"
421abf22-bf31-4ad0-b5cd-f93408b68060,Kristen Nelson,kristen-nelson-32@gmail.com,$2b$10$MZpdgo0u5p.vDOaEihbgnuggoKd3Bd1XlQZyddeRiQa2cMqn06yNO,"-29.327689__-148.841569__7445 Alyssa Port
Jameshaven, ND 51116"
a6c9bf32-9e31-41e4-bd13-8b11f6453339,Christopher Carter,christopher-carter-33@gmail.com,$2b$10$MZpdgo0u5p.vDOaEihbgnuggoKd3Bd1XlQZyddeRiQa2cMqn06yNO,"31.3300115__151.008968__3821 Johnny Valley
Stephenmouth, NH 38372"
f5f233cc-289f-4603-a4e0-bb6b2762e848,Darlene Gutierrez,darlene-gutierrez-34@gmail.com,$2b$10$MZpdgo0u5p.vDOaEihbgnuggoKd3Bd1XlQZyddeRiQa2cMqn06yNO,"-26.879616__168.557769__11082 Whitaker Knolls
Lindseyland, AL 96396"
4be6ff79-9446-4c5e-a1bd-b176f253d742,Joshua Rodriguez,joshua-rodriguez-35@gmail.com,$2b$10$MZpdgo0u5p.vDOaEihbgnuggoKd3Bd1XlQZyddeRiQa2cMqn06yNO,"45.5315335__-76.057936__326 Sanford Fork
Lake Louis, MH 91377"
cffb953b-da3e-4dcb-92dd-170c4eca46f0,Darryl Peters,darryl-peters-36@gmail.com,$2b$10$MZpdgo0u5p.vDOaEihbgnuggoKd3Bd1XlQZyddeRiQa2cMqn06yNO,"84.487989__-170.949704__787 David Lane Suite 433
New Rodney, PW 32089"
307401ba-6e90-4aa1-b469-d1b645f08baf,Aaron Gutierrez,aaron-gutierrez-37@gmail.com,$2b$10$MZpdgo0u5p.vDOaEihbgnuggoKd3Bd1XlQZyddeRiQa2cMqn06yNO,"-89.881968__-93.416366__USCGC Banks
FPO AA 19582"
9ce590fd-b642-4f19-bbf9-665b484a531c,Tony Moore,tony-moore-38@gmail.com,$2b$10$MZpdgo0u5p.vDOaEihbgnuggoKd3Bd1XlQZyddeRiQa2cMqn06yNO,"5.7519665__68.676291__81931 Russell Summit Apt. 266
Amyhaven, MH 53268"
9eb12ee1-2de7-4518-96a5-bbeb91ae5cfe,Andrew Riggs,andrew-riggs-39@gmail.com,$2b$10$MZpdgo0u5p.vDOaEihbgnuggoKd3Bd1XlQZyddeRiQa2cMqn06yNO,"40.3051815__126.300107__2185 West Parkway Suite 070
Michaelburgh, MD 53227"
